date,真实现货价,模拟现货价_项目,真实主力基差,模拟基差_项目,真实基差率%,模拟基差率%
2020-11-05,2225.0,2225.0,-672.0,-672.0,-30.2,-30.2
2021-04-19,1900.0,1900.0,68.0,68.0,3.58,3.58
2021-09-28,3300.0,3300.0,90.0,90.0,2.73,2.73
2022-03-16,2850.0,2850.0,-397.0,-397.0,-13.93,-13.93
2022-08-25,2841.67,2841.67,-468.67,-468.67,-16.49,-16.49
2023-02-13,2913.33,2913.33,-17.33,-17.33,-0.59,-0.59
2023-07-26,2183.33,2183.33,-41.33,-41.33,-1.89,-1.89
2024-01-05,2840.0,2840.0,-900.0,-900.0,-31.69,-31.69
2024-06-25,2230.0,2230.0,-202.0,-202.0,-9.06,-9.06
2024-12-05,1670.0,1670.0,-252.0,-252.0,-15.09,-15.09
2025-05-23,1462.5,1462.5,-209.5,-209.5,-14.32,-14.32
2025-11-04,1203.57,1203.57,-14.57,-14.57,-1.21,-1.21
2026-04-20,1240.71,1240.71,6.29,6.29,0.51,0.51
2026-09-28,1075.71,1075.71,-61.71,-61.71,-5.74,-5.74
