,count,mean,std,min,25%,50%,75%,max,missing_rate_pct
close_sa,1652.0,1861.300847457627,586.8464363373105,919.0,1390.5,1691.0,2312.0,3583.0,0.0
close_fg,1652.0,1565.1731234866827,439.5072033090686,867.0,1234.75,1534.0,1777.25,3072.0,0.0
spot_sa,1652.0,2052.452318401937,697.5619726065808,1075.71,1333.33,2075.0,2746.25,3766.67,0.0
spot_fg,1652.0,1643.3535108958838,485.7667369295987,956.0,1256.0,1585.6,1897.6,3100.0,0.0
basis_sa,1652.0,-191.15147094430992,351.80009487687164,-1464.33,-350.0,-92.33500000000004,30.5,449.3299999999999,0.0
basis_fg,1652.0,-78.18038740920097,148.86988551475102,-797.8000000000002,-143.5999999999999,-62.09999999999991,14.699999999999932,377.5999999999999,0.0
spread_fg_sa,1652.0,-296.1277239709443,447.7671003614565,-1438.0,-522.0,-170.0,-89.0,777.0,0.0
ratio_fg_sa,1652.0,0.8689624984107345,0.17985177623203252,0.5091979396615158,0.7614570802020781,0.8750012355042405,0.9406797506738545,1.4947368421052631,0.0
crush_spread,1652.0,842.9129539951574,373.5373371792709,312.4,574.6999999999999,773.1999999999999,1030.8,2262.2,0.0
vol_20d_sa,1652.0,0.34767582201411895,0.17230254254336466,0.0934518720991009,0.2303004006266772,0.3016434570706477,0.42956416316048596,1.1095324753046487,0.0
vol_60d_sa,1652.0,0.3631419691249165,0.13436024204303873,0.1503465083849405,0.2577255741854982,0.3479392095756044,0.4210950912843141,0.7322267830517258,0.0
vol_20d_fg,1652.0,0.3121963900012649,0.11538274561231425,0.082726011875087,0.23649797136866182,0.29344301462635397,0.361032292786826,0.8218333353423642,0.0
vol_60d_fg,1652.0,0.31928220198708346,0.09116923012208787,0.10108921124069825,0.25649020498308167,0.30542214720680894,0.3638330879752016,0.5388520699896431,0.0
parkinson_vol_sa,1652.0,0.3067449478235217,0.11011994095535296,0.11999390574893035,0.2262886281359251,0.28120911189509357,0.3696484420035884,0.7088720989553429,0.0
rolling_corr_20d,1652.0,0.505685584211711,0.30389541246195645,-0.9089525431732064,0.33759753080571697,0.5811084619687599,0.7491679285543267,0.9748220412698778,0.0
rolling_corr_60d,1652.0,0.48383755934425465,0.2402903304828234,-0.9089525431732064,0.3358608648496613,0.5028452329740651,0.6632305154107717,0.9143210944368426,0.0
iv_atm_sa,1652.0,0.3636611002071313,0.1666137370379222,0.11845187209910091,0.25543981551410383,0.3205389078918619,0.41701566994921313,1.1345324753046486,0.0
collar_skew_sa,1652.0,-0.030243523002421314,0.020675294771007137,-0.34740000000000004,-0.03,-0.03,-0.03,0.13270000000000004,0.0
convenience_yield_sa,1652.0,0.4110568481133789,0.6541976646643951,-0.9055287933017335,-0.027904701913341275,0.2793487997882741,0.7470284147019307,2.645628377754122,0.0
roll_yield_sa,1652.0,0.3610568481133789,0.6541976646643951,-0.9555287933017336,-0.07790470191334128,0.2293487997882741,0.6970284147019307,2.5956283777541223,0.0
term_structure_slope_sa,1652.0,-0.3610568481133789,0.6541976646643951,-2.5956283777541223,-0.6970284147019307,-0.2293487997882741,0.07790470191334128,0.9555287933017336,0.0
tsmom_sa,1652.0,-0.008884137359472926,0.8571972737896829,-1.0,-1.0,0.04703016886142,1.0,1.0,0.0
basis_convergence_speed_sa,1652.0,0.0367892533727938,0.014591949237780757,0.02279052884054944,0.026401720809472735,0.03173107173618143,0.04282552995709993,0.1139978038496928,0.0
warehouse_receipts_sa,1652.0,2609.822639225182,2565.438679176754,0.0,347.5,1986.5,4004.0,13926.0,0.0
inventory_sa,1652.0,75.0,0.0,75.0,75.0,75.0,75.0,75.0,0.0
