参数名称,基准值,扰动比例,实测测试值,验证期HE(%),验证期MaxDD(%),验证期MaxDD变动(%),全样本HE(%),全样本MaxDD(%),全样本MaxDD变动(%),稳健性评级
fast_span,20.0,-20%,16.0,-156.71,-33.27,0.13,10.87,-45.94,0.61,ROBUST
fast_span,20.0,0% (基准),20.0,-155.99,-33.4,0.0,10.84,-46.55,0.0,ROBUST
fast_span,20.0,+20%,24.0,-159.92,-35.09,-1.69,10.29,-46.45,0.1,ROBUST
slow_span,60.0,-20%,48.0,-155.99,-33.4,0.0,11.08,-48.19,-1.65,ROBUST
slow_span,60.0,0% (基准),60.0,-155.99,-33.4,0.0,10.84,-46.55,0.0,ROBUST
slow_span,60.0,+20%,72.0,-155.99,-33.4,0.0,10.67,-45.33,1.22,ROBUST
hysteresis_window,3.0,-20%,2.0,-180.92,-29.67,3.74,1.6,-40.21,6.34,SENSITIVE
hysteresis_window,3.0,0% (基准),3.0,-155.99,-33.4,0.0,10.84,-46.55,0.0,ROBUST
hysteresis_window,3.0,+20%,4.0,-154.87,-35.78,-2.38,12.33,-43.61,2.94,ROBUST
nale_weight,0.35,-20%,0.28,-163.36,-34.61,-1.2,15.53,-45.56,0.98,ROBUST
nale_weight,0.35,0% (基准),0.35,-155.99,-33.4,0.0,10.84,-46.55,0.0,ROBUST
nale_weight,0.35,+20%,0.42,-150.19,-34.99,-1.58,10.42,-51.46,-4.91,ROBUST
tsmom_weight,0.2,-20%,0.16,-157.12,-33.66,-0.25,14.76,-37.94,8.61,SENSITIVE
tsmom_weight,0.2,0% (基准),0.2,-155.99,-33.4,0.0,10.84,-46.55,0.0,ROBUST
tsmom_weight,0.2,+20%,0.24,-150.25,-35.33,-1.92,5.98,-55.95,-9.41,SENSITIVE
threshold,0.5,-20%,0.4,-181.22,-40.26,-6.85,-20.27,-47.71,-1.16,SENSITIVE
threshold,0.5,0% (基准),0.5,-155.99,-33.4,0.0,10.84,-46.55,0.0,ROBUST
threshold,0.5,+20%,0.6,-134.33,-36.55,-3.15,25.73,-40.16,6.39,SENSITIVE
sa_to_fg_lag,18.0,-20%,14.4,-155.99,-33.4,0.0,10.84,-46.55,0.0,ROBUST
sa_to_fg_lag,18.0,0% (基准),18.0,-155.99,-33.4,0.0,10.84,-46.55,0.0,ROBUST
sa_to_fg_lag,18.0,+20%,21.6,-155.99,-33.4,0.0,10.84,-46.55,0.0,ROBUST
sa_half_life,25.0,-20%,20.0,-155.99,-33.4,0.0,10.84,-46.55,0.0,ROBUST
sa_half_life,25.0,0% (基准),25.0,-155.99,-33.4,0.0,10.84,-46.55,0.0,ROBUST
sa_half_life,25.0,+20%,30.0,-155.99,-33.4,0.0,10.84,-46.55,0.0,ROBUST
