样本阶段,起始日期,结束日期,交易日数,方案名称,最终资产净值,累计收益率(%),套保有效性HE(%),最大回撤(%),年化波动率(%),平均保证金占用(万元),峰值保证金占用(万元)
训练期 (2019-2023),2019-12-06,2023-12-29,988,方案A(裸暴露),2.1825,118.25,0.0,-42.26,22.96,0.0,0.0
训练期 (2019-2023),2019-12-06,2023-12-29,988,方案B(传统1:1静态套保),1.7971,79.71,-294.64,-59.7,63.24,257.31,429.96
训练期 (2019-2023),2019-12-06,2023-12-29,988,方案C(经典滚动OLS对冲),2.1052,110.52,-11.29,-42.18,25.22,58.38,160.99
训练期 (2019-2023),2019-12-06,2023-12-29,988,方案D(TrendGate自适应领子对冲),2.3102,131.02,17.49,-31.31,20.88,112.19,331.97
验证期 (2024),2024-01-02,2024-12-31,242,方案A(裸暴露),0.5749,-42.51,0.0,-42.51,14.32,0.0,0.0
验证期 (2024),2024-01-02,2024-12-31,242,方案B(传统1:1静态套保),0.7764,-22.36,-607.67,-37.52,36.65,216.18,293.04
验证期 (2024),2024-01-02,2024-12-31,242,方案C(经典滚动OLS对冲),0.6638,-33.62,-146.89,-35.27,20.02,76.41,204.77
验证期 (2024),2024-01-02,2024-12-31,242,方案D(TrendGate自适应领子对冲),0.6833,-31.67,-155.99,-33.4,20.91,113.57,237.69
样本外测试期 (2025-2026),2025-01-02,2026-09-28,422,方案A(裸暴露),0.6559,-34.41,0.0,-34.41,9.69,0.0,0.0
样本外测试期 (2025-2026),2025-01-02,2026-09-28,422,方案B(传统1:1静态套保),0.9134,-8.66,-719.32,-23.09,25.47,147.97,188.28
样本外测试期 (2025-2026),2025-01-02,2026-09-28,422,方案C(经典滚动OLS对冲),0.725,-27.5,-103.3,-29.73,12.91,44.27,150.62
样本外测试期 (2025-2026),2025-01-02,2026-09-28,422,方案D(TrendGate自适应领子对冲),0.7909,-20.91,-67.55,-23.26,11.71,64.05,165.19
全历史样本 (2019-2026),2019-12-06,2026-09-28,1652,方案A(裸暴露),0.8068,-19.32,0.0,-71.44,19.31,0.0,0.0
全历史样本 (2019-2026),2019-12-06,2026-09-28,1652,方案B(传统1:1静态套保),1.1836,18.36,-323.31,-59.7,53.48,223.36,429.96
全历史样本 (2019-2026),2019-12-06,2026-09-28,1652,方案C(经典滚动OLS对冲),0.8819,-11.81,-13.17,-67.12,21.32,48.81,160.99
全历史样本 (2019-2026),2019-12-06,2026-09-28,1652,方案D(TrendGate自适应领子对冲),1.3862,38.62,10.84,-46.55,17.82,100.28,331.97
