open_idx,open_date,expiry_idx,expiry_date,strike_put,strike_call,put_iv,call_iv,premium_put,premium_call,current_value,tons,margin_per_ton,days_held,tenor_days,close_date,close_reason,settled_payoff
0,2019-12-06,30,2020-01-20,1308.042244835341,1400.8673351084678,0.23890855562091345,0.23842040051288046,24.955317337423388,24.955317337422823,0.0,7500.0,20.991023467484567,29,30,2020-01-20,expiry,0.0
30,2020-01-20,60,2020-03-10,1308.40206232,1399.0824091807715,0.12285394559184323,0.12260854101311974,6.967044712344746,6.967044712344633,0.0,7500.0,17.393368942468925,29,30,2020-03-10,expiry,0.0
60,2020-03-10,90,2020-04-22,1308.389216774653,1399.4489828342284,0.1532561648327219,0.15294880556277105,11.305015960079313,11.30501596007937,0.0,7500.0,18.260963192015872,29,30,2020-04-22,expiry,0.0
90,2020-04-22,120,2020-06-08,1307.17845392468,1404.6263763898603,0.45214719263420416,0.45117877701481224,61.755732085132024,61.75573208513757,7.1784539246800705,7500.0,28.351106417027516,29,30,2020-06-08,expiry,7.1784539246800705
120,2020-06-08,150,2020-07-22,1275.6482328763814,1364.6040019125508,0.16197650288722484,0.1616510423005418,12.299990835343062,12.29999083530766,10.687077193837077,7500.0,18.059998167061533,1,30,2020-06-10,regime_change_to_tg1,10.687077193837077
136,2020-07-02,166,2020-08-13,1298.5617298235027,1389.0111916560713,0.15687337759465003,0.15655851818103314,11.756493499507666,11.756493499507496,-160.98880834392867,7500.0,18.2312586999015,29,30,2020-08-13,expiry,-160.98880834392867
166,2020-08-13,196,2020-09-24,1520.2522225117712,1629.9986529708326,0.31337819580261406,0.3127273080362521,43.688419998026404,43.688419998026404,-445.0013470291674,7500.0,27.337683999605282,29,30,2020-09-24,expiry,-445.0013470291674
196,2020-09-24,226,2020-11-13,2035.086760334773,2182.481386983472,0.3275914256123646,0.3269088798177638,62.29612538414222,62.296125384141995,-42.51861301652798,7500.0,37.3592250768284,29,30,2020-11-13,expiry,-42.51861301652798
226,2020-11-13,256,2020-12-25,2182.849260073788,2337.5019193181383,0.23176250569024545,0.23128969249702924,39.66426698210494,39.66426698210437,532.4687894234106,7500.0,34.63285339642088,23,30,2020-12-17,regime_change_to_tg1,532.4687894234106
253,2020-12-22,283,2021-02-03,1551.56206688,1672.8126884471067,0.6878975392782446,0.686356518208218,123.00191272620184,123.00191272620195,20.01331553622201,7500.0,43.600342545240395,5,30,2020-12-30,regime_change_to_tg1,20.01331553622201
267,2021-01-12,297,2021-03-02,1551.56206688,1672.4782832497506,0.6686749603672746,0.6671809172705805,118.91311812012988,118.91311812013056,-20.851716750249352,7500.0,42.78258362402612,29,30,2021-03-02,expiry,-20.851716750249352
297,2021-03-02,327,2021-04-14,1660.7219239998092,1781.1990329699918,0.3346613940660798,0.33396302850614024,52.388264270733444,52.38826427073356,-118.80096703000822,7500.0,30.797612854146713,29,30,2021-04-14,expiry,-118.80096703000822
327,2021-04-14,357,2021-05-31,1863.630802072836,1997.6520617566994,0.2967787891918192,0.2961646294989448,49.49700769454788,49.4970076945463,0.0,7500.0,32.69940153890926,29,30,2021-05-31,expiry,0.0
357,2021-05-31,387,2021-07-13,1938.3943985787978,2080.164074149914,0.36984842017332686,0.3690705997773149,70.20365511009882,70.20365510992414,-69.83592585008591,7500.0,37.76077102198483,29,30,2021-07-13,expiry,-69.83592585008591
387,2021-07-13,417,2021-08-24,2108.7707216190447,2260.820783515353,0.3082086002849055,0.3075691790513724,59.16801640091808,59.168016400917054,-255.84921648464706,7500.0,37.63360328018341,29,30,2021-08-24,expiry,-255.84921648464706
417,2021-08-24,447,2021-10-14,2466.735150588996,2653.8715546335743,0.5271716185748859,0.5260235019871217,141.51238497505065,141.51238497505065,-879.4584453664256,7500.0,58.50251699501014,29,30,2021-10-14,expiry,-879.4584453664256
447,2021-10-14,477,2021-11-25,3462.646952680255,3728.656588623655,0.5808316017731446,0.5795513805714835,223.8065992148195,223.8065992148195,0.0,7500.0,87.16127984296389,29,30,2021-11-25,expiry,0.0
477,2021-11-25,507,2022-01-07,3527.7696,3806.710544133722,0.7690458596217704,0.7673037883159846,318.9283006425173,318.92830064251774,877.7696000000001,7500.0,106.98566012850355,29,30,2022-01-07,expiry,877.7696000000001
507,2022-01-07,537,2022-02-25,2598.7710593035576,2788.376365788084,0.3593148064569094,0.3585608980306391,90.47737223199846,90.47737223199823,-18.088935623923334,7500.0,49.895474446399646,24,30,2022-02-18,regime_change_to_tg1,-18.088935623923334
542,2022-03-04,572,2022-04-19,2817.890167718249,3032.039492291701,0.5346283778195042,0.5334620838699233,164.50012882198405,164.50012882198405,55.15442516689279,7500.0,67.40002576439682,7,30,2022-03-16,regime_change_to_tg1,55.15442516689279
554,2022-03-22,584,2022-05-10,2777.1837875371157,2987.462526434654,0.5188431213944025,0.5177152389411108,156.19447812781343,156.19447812781365,0.0,7500.0,65.23885562556273,29,30,2022-05-10,expiry,0.0
584,2022-05-10,614,2022-06-22,2842.903990626994,3056.0524625775483,0.4766926795100538,0.4756661050500053,143.70969343710973,143.7096934371102,-38.94753742245166,7500.0,63.541938687422046,29,30,2022-06-22,expiry,-38.94753742245166
614,2022-06-22,644,2022-08-03,3035.4734436238914,3255.2867057769386,0.3268804370201838,0.32619947946854816,92.63402981570805,92.63402981570782,115.4734436238914,7500.0,55.66680596314156,29,30,2022-08-03,expiry,115.4734436238914
644,2022-08-03,674,2022-09-15,2862.334242958038,3077.934419435286,0.4965304102945932,0.49545638340659204,152.35410640851828,152.3541064085185,12.334242958037976,7500.0,65.5108212817037,29,30,2022-09-15,expiry,12.334242958037976
674,2022-09-15,704,2022-11-03,2795.0685956005323,2998.1053521191984,0.3403890307183655,0.3396778136176741,90.29088573334282,90.29088573334282,73.18728805230627,7500.0,52.25817714666857,20,30,2022-10-21,regime_change_to_tg1,73.18728805230627
706,2022-11-07,736,2022-12-19,2718.954973712447,2912.6833815022464,0.25647341827577014,0.25594735074250474,57.985876551672355,57.98587655166975,27.45102378485535,7500.0,44.85721531033395,4,30,2022-11-14,regime_change_to_tg1,27.45102378485535
721,2022-11-28,751,2023-01-10,2681.641550617045,2871.151926546195,0.2206633262226271,0.2202142480124741,44.973230175184575,44.97323017518412,0.0,7500.0,41.79460603503682,29,30,2023-01-10,expiry,0.0
751,2023-01-10,781,2023-02-28,2730.34528155697,2925.1383675890606,0.262141185880303,0.2616028232963969,60.22235831188909,60.22235831188614,-6.531632410939437,7500.0,45.44443166237723,29,30,2023-02-28,expiry,-6.531632410939437
781,2023-02-28,811,2023-04-12,2876.1705509790468,3079.742786351771,0.22743383005108245,0.2269702870668992,50.68791557062954,50.68791557062898,0.0,7500.0,45.317623114125794,29,30,2023-04-12,expiry,0.0
811,2023-04-12,841,2023-05-29,2883.5313460737534,3100.983166302385,0.5015596606115511,0.5004735395357237,155.44084628202168,155.4408462820219,116.86134607375334,7500.0,66.3882092564044,29,30,2023-05-29,expiry,116.86134607375334
841,2023-05-29,871,2023-07-12,2712.2801679995623,2915.1782327737096,0.4670393280401476,0.46603569945421214,133.57720882527676,133.57720882527812,536.8075135351744,7500.0,59.91548176505563,21,30,2023-06-30,regime_change_to_tg1,536.8075135351744
869,2023-07-10,899,2023-08-21,2132.9556811783905,2288.563972499373,0.359000651881089,0.3582474549428988,74.17070577609245,74.17070577609245,5.034958456176632,7500.0,40.93414115521849,13,30,2023-07-28,regime_change_to_tg1,5.034958456176632
886,2023-08-02,916,2023-09-13,2190.2350793459595,2349.6035865997856,0.34765830663274233,0.3469307331809425,72.86310342276796,72.86310342276796,-14.276552657262442,7500.0,41.37258068455359,3,30,2023-08-08,regime_change_to_tg1,-14.276552657262442
900,2023-08-22,930,2023-10-11,2278.3512,2466.8156054125307,1.0733409686895874,1.0708035928404733,300.9182251575305,300.9182251575304,-691.5143945874693,7500.0,88.08364503150608,29,30,2023-10-11,expiry,-691.5143945874693
930,2023-10-11,960,2023-11-22,3097.470837811983,3322.3929037541743,0.3388206541081915,0.3381129592481408,99.41622482932456,99.41622482932456,607.4708378119831,7500.0,57.78320496586491,29,30,2023-11-22,expiry,607.4708378119831
960,2023-11-22,990,2024-01-04,2441.0613446383527,2623.6020857894505,0.46543524850189383,0.4644354236140354,119.69233782347507,119.692337823477,-28.154024851900203,7500.0,53.8184675646954,2,30,2023-11-27,regime_change_to_tg1,-28.154024851900203
966,2023-11-30,996,2024-01-12,2675.335944937931,2881.160728538563,0.5870227063557617,0.5857270481599225,175.1644453697084,175.16444536965653,-128.11327487649814,7500.0,67.7928890739313,11,30,2023-12-18,regime_change_to_tg1,-128.11327487649814
981,2023-12-21,1011,2024-02-02,2851.61376,3085.0901650941223,1.005168228272968,1.0028149368168022,350.0612114679612,350.06121146796096,381.6137600000002,7500.0,104.93224229359221,29,30,2024-02-02,expiry,381.6137600000002
1011,2024-02-02,1041,2024-03-25,2423.425416533333,2598.943478465764,0.40113971104092155,0.40064295575746606,98.47652700324943,98.47652700324932,245.37463124207338,7500.0,49.335305400649865,21,30,2024-03-13,regime_change_to_tg1,245.37463124207338
1039,2024-03-21,1069,2024-05-09,2053.3087008,2215.9148455806826,0.3845359595487369,0.3820057296173827,76.12667085453845,76.12667085453641,22.929981674961404,7500.0,40.425334170907284,0,30,2024-03-22,regime_change_to_tg1,22.929981674961404
1049,2024-04-08,1079,2024-05-23,2043.6278997333334,2184.265256168043,0.33047485842111585,0.33059447499692024,64.71149176653111,64.711491766531,-85.73474383195708,7500.0,37.9022983533062,29,30,2024-05-23,expiry,-85.73474383195708
1079,2024-05-23,1109,2024-07-05,2214.6634049066665,2399.363661411137,0.3683599853860062,0.36452228634448336,75.50596086621245,75.50596086612771,4.663404906666528,7500.0,42.34119217322554,29,30,2024-07-05,expiry,4.663404906666528
1109,2024-07-05,1139,2024-08-16,2169.10039632,2323.149713906872,0.33779605843094485,0.3374583561302563,69.95708886677224,69.95708886677224,59.10039632000007,7500.0,40.51141777335445,29,30,2024-08-16,expiry,59.10039632000007
1139,2024-08-16,1169,2024-10-08,2073.2200442133335,2215.916144560732,0.3422632964697686,0.3424289366020312,68.96713109750962,68.96713109750974,283.2200442133335,7500.0,39.113426219501946,29,30,2024-10-08,expiry,283.2200442133335
1169,2024-10-08,1199,2024-11-19,1759.2357330133334,1881.3297316241733,0.44007247218061885,0.44060923063991564,81.95374614636515,81.95374614636663,21.35272968468837,7500.0,37.87074922927333,7,30,2024-10-18,regime_change_to_tg1,21.35272968468837
1180,2024-10-23,1210,2024-12-04,1715.9443746666668,1842.4976794779666,0.4083381674404535,0.407484316902363,70.98562916139635,70.98562916139635,77.35887867054635,7500.0,35.19712583227927,11,30,2024-11-08,regime_change_to_tg1,77.35887867054635
1203,2024-11-25,1233,2025-01-07,1639.31379008,1755.8444482520463,0.36947376550183236,0.3692201415765928,59.92313065001732,59.923130649997724,17.22188894895616,7500.0,32.02462612999955,3,30,2024-11-29,regime_change_to_tg1,17.22188894895616
1217,2024-12-13,1247,2025-01-27,1618.3881648000001,1734.674999308146,0.28737213175927406,0.28675970496972186,40.96745947510159,40.96745947510012,17.07698233461546,7500.0,27.993491895020025,1,30,2024-12-17,regime_change_to_tg1,17.07698233461546
1225,2024-12-25,1255,2025-02-14,1618.2799864,1734.532875349896,0.27227515461568197,0.2716528618082456,37.72324884346859,37.72324884346655,16.5925124243045,7500.0,27.344649768693312,1,30,2024-12-27,regime_change_to_tg1,16.5925124243045
1239,2025-01-15,1269,2025-03-06,1589.277195918194,1702.0501582525756,0.23852348633120046,0.23803615914213647,30.242925480179963,30.242925480179167,34.106023320746736,7500.0,25.488585096035834,9,30,2025-02-06,regime_change_to_tg1,34.106023320746736
1257,2025-02-18,1287,2025-04-01,1500.6811560501328,1608.7728373989653,0.3036777266191431,0.3030483341816705,41.21372056022387,41.21372056022297,32.29481743837887,7500.0,26.602744112044594,5,30,2025-02-26,regime_change_to_tg1,32.29481743837887
1270,2025-03-07,1300,2025-04-21,1527.9883794987556,1638.888070082963,0.336681919274088,0.3359790237249904,48.60961617039521,48.60961617039521,16.814840400671216,7500.0,28.41792323407904,2,30,2025-03-12,regime_change_to_tg1,16.814840400671216
1287,2025-04-01,1317,2025-05-19,1469.575704998667,1573.9344751552399,0.24185965902636347,0.24136515430922742,28.58973941797236,28.589739417971625,7.075704998667106,7500.0,23.693947883594326,29,30,2025-05-19,expiry,7.075704998667106
1317,2025-05-19,1347,2025-07-01,1434.3410586239524,1538.3732294436857,0.3337402039166121,0.3330439023437487,45.07220699875301,45.07220699875278,109.34105862395245,7500.0,26.564441399750557,29,30,2025-07-01,expiry,109.34105862395245
1347,2025-07-01,1377,2025-08-12,1299.8436056940063,1392.2266704678677,0.24552244290933084,0.2450200460395215,25.89565072228091,25.895650722280056,63.361361713083035,7500.0,21.079130144456013,4,30,2025-07-08,regime_change_to_tg1,63.361361713083035
1354,2025-07-10,1384,2025-08-21,1223.756455279154,1311.0404509753162,0.26097370426373345,0.2604378767549159,26.80774114325666,26.807741143255416,-29.74561318019282,7500.0,20.331548228651084,19,30,2025-08-07,regime_change_to_tg1,-29.74561318019282
1379,2025-08-14,1409,2025-09-25,1264.11744,1362.4631757540792,0.6566734931202765,0.6552086563997161,94.8036615589636,94.80366155896485,1.6174399999999878,7500.0,34.44073231179297,29,30,2025-09-25,expiry,1.6174399999999878
1409,2025-09-25,1439,2025-11-14,1238.5184101001819,1326.605096144968,0.24860348975184066,0.24809444449657403,25.162190307727737,25.16219030772672,12.248429753634706,7500.0,20.182438061545344,3,30,2025-10-09,regime_change_to_tg1,12.248429753634706
1420,2025-10-20,1450,2025-12-01,1184.8974481040002,1269.2698302146441,0.2537445815984109,0.2532244229725108,24.854128252410632,24.854128252409613,0.0,7500.0,19.465145650481922,29,30,2025-12-01,expiry,0.0
1450,2025-12-01,1480,2026-01-14,1183.6473126126916,1267.1316570159072,0.2120900191935604,0.21165919656110546,18.581041494799564,18.581041494799393,0.0,7500.0,18.193368298959882,29,30,2026-01-14,expiry,0.0
1480,2026-01-14,1510,2026-03-05,1190.822179854014,1277.6690134303576,0.35756904398429723,0.35681908809225305,41.18262319662997,41.182623196591166,13.490177105082722,7500.0,22.808004639318234,1,30,2026-01-16,regime_change_to_tg1,13.490177105082722
1488,2026-01-26,1518,2026-03-17,1179.5652351131225,1265.8521443057518,0.37066144994368627,0.3698817794110863,42.848585521683695,42.84858552159766,12.055800151270251,7500.0,23.004037104319533,9,30,2026-02-09,regime_change_to_tg1,12.055800151270251
1505,2026-02-26,1535,2026-04-10,1180.0510537046673,1263.7705442880876,0.23772300031060478,0.23723739376647004,22.33542516201879,22.335425162018225,0.0,7500.0,18.901405032403645,29,30,2026-04-10,expiry,0.0
1535,2026-04-10,1565,2026-05-27,1216.3204644673372,1303.4915558631976,0.2818738466138045,0.2812924423201623,29.938591928139168,29.938591928137978,0.0,7500.0,20.867718385627594,29,30,2026-05-27,expiry,0.0
1565,2026-05-27,1595,2026-07-09,1203.8495201429382,1289.3682843187355,0.24339046172182538,0.24289266012571584,23.655354324184383,23.65535432418376,45.27952014293828,7500.0,19.456750864836753,29,30,2026-07-09,expiry,45.27952014293828
1595,2026-07-09,1625,2026-08-20,1136.7233935949978,1216.730803475286,0.20292107921167563,0.2025097055477018,16.551332092855407,16.551332092855294,46.72339359499779,7500.0,17.21310641857106,29,30,2026-08-20,expiry,46.72339359499779
1625,2026-08-20,1655,2026-09-28,1068.9936630751795,1146.6328710734983,0.3396292711699322,0.3389197606248868,34.42481700750031,34.42481700750042,10.340787143957725,7500.0,19.964963401500082,17,30,2026-09-15,regime_change_to_tg1,10.340787143957725
